{"cameraMode":{"drawMode":0,"name":"Shaded","section":"Shading Mode"},"sceneLighting":true,"audioPlay":false,"sceneViewState":{"m_AlwaysRefresh":false,"showFog":true,"showSkybox":true,"showFlares":true,"showImageEffects":true,"showParticleSystems":true,"showVisualEffectGraphs":true,"m_FxEnabled":true},"in2DMode":false,"pivot":{"x":-0.9595345854759216,"y":-0.9456371068954468,"z":35.40814208984375},"rotation":{"x":0.08690617978572846,"y":-0.8518140912055969,"z":0.14972983300685883,"w":0.49441006779670718},"size":33.36907958984375,"orthographic":false}